Sistema,Total_egresos,Egresos_COVID,%_COVID,%_COVID_num,Año
ISAPRE,373379,3903,1.05 %,1.0453185637114033,2020
FONASA,1277952,47081,3.68 %,3.684097681290064,2020
ISAPRE,413087,8343,,2.02,2021
FONASA,1467062,89047,,6.07,2021
ISAPRE,468597,4034,,0.86,2022
FONASA,1540096,23980,,1.56,2022
