Sistema,Total_egresos,Egresos_COVID,%_COVID,%_COVID_num
ISAPRE,373379,3903,1.05 %,1.0453185637114033
FONASA,1277952,47081,3.68 %,3.684097681290064
